id,username,email,created_at
1,cobalttrail99,cobalttrail99@opswise.net,2025-01-20 15:47:52
2,amberbeacon98,amberbeacon98@example.com,2024-09-20 19:45:40
3,livelywindow92,livelywindow92@acme.dev,2026-01-26 18:39:51
4,ivorysignal80,ivorysignal80@opswise.net,2024-01-26 02:06:35
5,dawncanyon41,dawncanyon41@opswise.net,2025-03-10 06:33:58
6,clearanchor12,clearanchor12@relay.cloud,2025-03-11 02:04:43
7,embertrail45,embertrail45@hackstack.io,2025-11-17 17:28:18
8,clearlagoon75,clearlagoon75@hackstack.io,2024-09-27 11:07:44
9,harborriver18,harborriver18@acme.dev,2024-11-19 16:46:28
10,briskriver44,briskriver44@seeded.app,2024-07-15 15:21:40
11,emberengine40,emberengine40@hackstack.io,2025-06-01 20:17:48
12,silveruplink53,silveruplink53@seeded.app,2025-01-17 04:15:11
13,calmwindow98,calmwindow98@hackstack.io,2024-03-01 10:52:50
14,cobaltquartz57,cobaltquartz57@hackstack.io,2025-11-13 22:59:17
15,proudvalley89,proudvalley89@acme.dev,2024-08-14 05:54:29
16,silverlagoon15,silverlagoon15@seeded.app,2024-08-06 17:47:10
17,proudcanyon11,proudcanyon11@opswise.net,2026-01-28 12:49:53
18,quietjourney79,quietjourney79@opswise.net,2024-12-05 05:02:23
19,vividgarden86,vividgarden86@relay.cloud,2024-01-15 17:22:08
20,proudwindow85,proudwindow85@seeded.app,2026-01-30 16:13:48
21,quietcanyon99,quietcanyon99@hackstack.io,2025-09-27 16:37:04
22,warmfield23,warmfield23@seeded.app,2024-01-21 06:50:27
23,amberfield86,amberfield86@hackstack.io,2024-06-27 22:32:06
24,silvertrail39,silvertrail39@relay.cloud,2025-04-02 21:44:16
25,jadecanyon53,jadecanyon53@example.com,2025-12-12 00:46:57
26,rapidmeadow31,rapidmeadow31@example.com,2024-01-02 18:02:38
27,jadecanyon68,jadecanyon68@opswise.net,2024-07-01 03:30:37
28,dawntrail32,dawntrail32@hackstack.io,2024-10-22 12:03:17
29,navyorbit16,navyorbit16@seeded.app,2025-11-07 03:21:37
30,clearisland55,clearisland55@opswise.net,2025-08-30 02:01:52
31,livelysignal67,livelysignal67@acme.dev,2024-10-11 06:42:44
32,mellowdelta59,mellowdelta59@relay.cloud,2025-05-28 16:52:48
33,emberzenith35,emberzenith35@opswise.net,2025-08-09 08:05:58
34,vividriver06,vividriver06@relay.cloud,2025-02-08 04:03:05
35,jaderiver75,jaderiver75@example.com,2024-03-08 20:56:05
36,harborlagoon65,harborlagoon65@hackstack.io,2024-01-12 19:50:18
37,jadevalley98,jadevalley98@example.com,2025-08-16 07:17:45
38,rapiddelta81,rapiddelta81@acme.dev,2025-06-22 22:03:11
39,jadeyard99,jadeyard99@hackstack.io,2025-11-16 05:06:43
40,cobaltcanyon45,cobaltcanyon45@acme.dev,2024-05-15 21:25:03
41,jadesignal43,jadesignal43@relay.cloud,2024-03-03 21:36:58
42,goldkernel15,goldkernel15@example.com,2024-03-08 21:52:24
43,harborsignal10,harborsignal10@seeded.app,2024-02-21 10:56:27
44,vividlagoon17,vividlagoon17@example.com,2025-04-07 14:59:31
45,dawnzenith48,dawnzenith48@example.com,2024-10-01 12:01:16
46,goldmeadow97,goldmeadow97@opswise.net,2024-04-10 12:47:34
47,calmorbit64,calmorbit64@acme.dev,2024-12-10 23:25:45
48,keengarden29,keengarden29@relay.cloud,2025-07-23 05:22:00
49,keenfield19,keenfield19@seeded.app,2025-03-14 14:17:33
50,forestriver92,forestriver92@seeded.app,2025-03-18 17:14:03
51,ivoryriver89,ivoryriver89@seeded.app,2024-11-04 22:49:09
52,urbankernel00,urbankernel00@relay.cloud,2024-12-25 07:32:11
53,dawnorbit01,dawnorbit01@example.com,2025-02-05 04:39:57
54,harborjourney54,harborjourney54@opswise.net,2025-06-16 11:57:30
55,calmlagoon60,calmlagoon60@opswise.net,2025-11-05 19:20:18
56,warmtrail97,warmtrail97@example.com,2025-10-23 10:39:57
57,warmharvest31,warmharvest31@relay.cloud,2024-09-28 00:24:14
58,vividuplink32,vividuplink32@example.com,2024-12-31 15:17:37
59,rapidquartz50,rapidquartz50@hackstack.io,2024-07-09 13:44:22
60,cobaltorbit92,cobaltorbit92@opswise.net,2025-11-10 06:18:17
61,mellowcanyon74,mellowcanyon74@hackstack.io,2025-03-12 17:14:02
62,tidyuplink94,tidyuplink94@example.com,2025-11-11 17:20:20
63,quietjourney97,quietjourney97@hackstack.io,2025-03-14 23:11:11
64,quietgarden66,quietgarden66@relay.cloud,2025-12-19 13:10:38
65,vividfield03,vividfield03@example.com,2025-12-18 21:22:25
66,keenorbit50,keenorbit50@relay.cloud,2024-10-05 04:55:22
67,harborriver28,harborriver28@acme.dev,2025-06-21 14:24:49
68,harboranchor15,harboranchor15@hackstack.io,2025-01-19 08:35:04
69,ivorynetwork62,ivorynetwork62@example.com,2025-08-27 07:57:58
70,vividisland75,vividisland75@seeded.app,2025-03-16 11:42:46
71,ivorygarden83,ivorygarden83@relay.cloud,2025-08-30 15:38:44
72,keenkernel92,keenkernel92@example.com,2025-11-13 18:44:52
73,silverisland28,silverisland28@relay.cloud,2024-02-06 22:39:54
74,vividgarden63,vividgarden63@hackstack.io,2024-04-03 13:44:04
75,keenjourney66,keenjourney66@hackstack.io,2024-07-18 21:44:00
76,vividwindow04,vividwindow04@example.com,2024-05-19 14:20:12
77,clearquartz32,clearquartz32@relay.cloud,2024-10-06 17:27:33
78,quietlagoon81,quietlagoon81@hackstack.io,2025-09-24 22:38:25
79,proudorbit53,proudorbit53@relay.cloud,2024-04-25 19:38:54
80,cobaltengine23,cobaltengine23@hackstack.io,2024-08-27 06:58:25
81,quietengine17,quietengine17@relay.cloud,2025-08-03 08:14:54
82,clearnetwork53,clearnetwork53@relay.cloud,2026-01-18 09:59:48
83,ivoryquartz98,ivoryquartz98@seeded.app,2025-06-14 05:25:08
84,cleardelta17,cleardelta17@relay.cloud,2025-07-14 09:32:37
85,youngquartz20,youngquartz20@seeded.app,2025-06-14 22:57:25
86,harboruplink38,harboruplink38@relay.cloud,2024-01-13 16:57:01
87,ambermeadow95,ambermeadow95@example.com,2025-03-26 22:01:58
88,silverisland15,silverisland15@opswise.net,2025-09-17 19:17:12
89,navyharvest42,navyharvest42@example.com,2025-02-08 09:11:57
90,dawnzenith48,dawnzenith48@relay.cloud,2024-06-07 12:07:49
91,clearpioneer94,clearpioneer94@opswise.net,2024-03-10 15:51:08
92,quietdelta54,quietdelta54@acme.dev,2024-06-08 01:00:29
93,clearorbit85,clearorbit85@acme.dev,2025-09-26 07:45:01
94,golduplink49,golduplink49@hackstack.io,2025-06-06 21:18:50
95,silverisland99,silverisland99@relay.cloud,2024-10-31 05:31:32
96,rapidnetwork22,rapidnetwork22@seeded.app,2024-02-18 23:58:59
97,proudanchor72,proudanchor72@example.com,2025-10-18 01:34:17
98,proudnetwork74,proudnetwork74@seeded.app,2024-04-07 20:35:49
99,keenjourney99,keenjourney99@hackstack.io,2025-07-01 14:03:52
100,calmpioneer00,calmpioneer00@example.com,2025-04-16 03:49:30
101,calmyard05,calmyard05@acme.dev,2025-09-14 00:53:43
102,urbanbeacon30,urbanbeacon30@seeded.app,2024-01-15 07:06:57
103,dawnorbit57,dawnorbit57@relay.cloud,2024-03-18 03:18:06
104,quietkernel65,quietkernel65@opswise.net,2025-06-28 02:10:32
105,goldvalley21,goldvalley21@example.com,2025-10-12 23:06:16
106,navypioneer00,navypioneer00@opswise.net,2024-07-12 13:16:02
107,forestnetwork98,forestnetwork98@seeded.app,2024-10-04 05:29:29
108,rapidzenith75,rapidzenith75@hackstack.io,2025-12-24 12:38:27
109,rapidorbit95,rapidorbit95@example.com,2025-09-28 11:40:16
110,forestgarden99,forestgarden99@hackstack.io,2025-09-09 01:01:12
111,quietquartz52,quietquartz52@acme.dev,2026-01-28 04:02:11
112,warmyard36,warmyard36@acme.dev,2025-03-02 17:45:18
113,clearpioneer31,clearpioneer31@hackstack.io,2024-09-09 22:39:36
114,embersignal94,embersignal94@opswise.net,2025-07-02 07:23:46
115,opaltrail89,opaltrail89@opswise.net,2025-09-21 03:02:24
116,navywindow44,navywindow44@opswise.net,2024-05-18 09:57:49
117,quietisland11,quietisland11@relay.cloud,2025-03-01 06:28:41
118,quietpioneer38,quietpioneer38@relay.cloud,2025-02-26 09:13:09
119,ivoryisland43,ivoryisland43@hackstack.io,2024-12-04 14:02:14
120,dawnwindow37,dawnwindow37@opswise.net,2024-04-10 02:03:21
121,livelytrail37,livelytrail37@seeded.app,2025-10-24 05:12:22
122,goldorbit91,goldorbit91@hackstack.io,2025-09-08 17:29:04
123,navykernel58,navykernel58@example.com,2025-04-26 13:07:57
124,mellowyard38,mellowyard38@example.com,2025-03-07 19:50:00
125,cobaltbeacon29,cobaltbeacon29@relay.cloud,2024-03-22 21:30:36
126,navyyard53,navyyard53@seeded.app,2025-11-08 01:06:43
127,livelyjourney78,livelyjourney78@opswise.net,2024-03-30 21:47:29
128,cobaltpioneer49,cobaltpioneer49@opswise.net,2025-10-29 04:26:29
129,mellowjourney90,mellowjourney90@example.com,2025-06-07 19:40:30
130,briskengine80,briskengine80@hackstack.io,2025-06-26 05:06:05
131,forestmeadow38,forestmeadow38@relay.cloud,2025-06-24 21:07:02
132,goldyard52,goldyard52@relay.cloud,2026-01-06 11:16:16
133,warmyard65,warmyard65@example.com,2024-07-02 10:09:15
134,younguplink17,younguplink17@example.com,2025-05-30 08:20:18
135,ivorypioneer68,ivorypioneer68@acme.dev,2025-02-05 07:04:38
136,ivoryisland19,ivoryisland19@relay.cloud,2024-08-11 03:57:07
137,opallagoon59,opallagoon59@acme.dev,2025-02-24 06:55:56
138,prouduplink79,prouduplink79@example.com,2025-02-06 02:47:05
139,opalkernel70,opalkernel70@hackstack.io,2025-07-08 00:37:31
140,embervalley18,embervalley18@seeded.app,2024-04-05 04:33:31
141,harborkernel23,harborkernel23@example.com,2025-06-25 18:01:01
142,amberlagoon20,amberlagoon20@hackstack.io,2024-10-09 17:24:36
143,opalriver82,opalriver82@acme.dev,2025-05-25 06:36:00
144,vividdelta49,vividdelta49@acme.dev,2025-04-07 23:53:46
145,tidygarden89,tidygarden89@hackstack.io,2025-12-08 10:42:11
146,opallagoon57,opallagoon57@acme.dev,2026-01-29 16:20:46
147,keensignal44,keensignal44@acme.dev,2024-06-02 05:35:36
148,amberdelta95,amberdelta95@acme.dev,2024-03-06 05:39:32
149,jadesignal60,jadesignal60@example.com,2024-07-08 00:19:38
150,clearyard35,clearyard35@example.com,2025-05-25 08:28:27
151,mellowanchor14,mellowanchor14@acme.dev,2025-10-17 07:43:46
152,rapidengine31,rapidengine31@seeded.app,2025-09-17 05:19:03
153,warmengine42,warmengine42@relay.cloud,2024-09-25 06:15:15
154,cobaltsignal58,cobaltsignal58@acme.dev,2025-09-08 09:05:15
155,ivoryyard12,ivoryyard12@opswise.net,2025-02-18 18:39:44
156,vividuplink68,vividuplink68@hackstack.io,2025-09-12 00:28:07
157,goldwindow22,goldwindow22@acme.dev,2025-07-05 16:58:16
158,harborbeacon84,harborbeacon84@acme.dev,2025-12-26 16:00:15
159,cleartrail90,cleartrail90@relay.cloud,2025-09-30 06:06:23
160,ambervalley53,ambervalley53@opswise.net,2024-01-19 17:55:45
161,navybeacon04,navybeacon04@relay.cloud,2024-12-29 20:46:39
162,keenfield18,keenfield18@hackstack.io,2024-04-24 05:50:27
163,rapidkernel63,rapidkernel63@acme.dev,2025-12-25 01:33:10
164,cobaltdelta36,cobaltdelta36@seeded.app,2024-02-21 03:56:20
165,harboruplink79,harboruplink79@seeded.app,2025-05-09 18:50:24
166,amberkernel27,amberkernel27@hackstack.io,2024-10-10 11:39:48
167,harborzenith22,harborzenith22@relay.cloud,2024-03-10 18:12:14
168,quietbeacon98,quietbeacon98@relay.cloud,2025-07-10 12:10:05
169,amberisland36,amberisland36@opswise.net,2025-01-25 07:33:46
170,embervalley32,embervalley32@hackstack.io,2024-11-19 04:32:49
171,urbansignal85,urbansignal85@acme.dev,2024-04-20 20:46:03
172,dawnanchor07,dawnanchor07@hackstack.io,2025-03-21 20:48:22
173,warmvalley32,warmvalley32@example.com,2024-03-09 16:01:00
174,warmgarden37,warmgarden37@hackstack.io,2024-09-15 23:20:04
175,harbororbit94,harbororbit94@hackstack.io,2024-11-24 12:20:25
176,urbanlagoon76,urbanlagoon76@relay.cloud,2025-10-30 23:32:01
177,urbanyard42,urbanyard42@seeded.app,2026-01-01 17:52:52
178,tidyanchor89,tidyanchor89@relay.cloud,2024-02-29 10:16:39
179,quietdelta10,quietdelta10@relay.cloud,2024-10-03 12:01:38
180,jadevalley41,jadevalley41@example.com,2026-01-14 14:19:10
181,embercanyon19,embercanyon19@seeded.app,2024-12-18 15:49:07
182,warmisland60,warmisland60@acme.dev,2025-02-17 02:11:40
183,silversignal59,silversignal59@seeded.app,2024-05-11 08:50:40
184,keenquartz80,keenquartz80@acme.dev,2024-08-18 04:02:30
185,goldpioneer32,goldpioneer32@example.com,2024-08-17 15:39:17
186,harborkernel66,harborkernel66@seeded.app,2026-01-06 06:48:31
187,jaderiver81,jaderiver81@hackstack.io,2024-07-21 04:46:52
188,harborsignal98,harborsignal98@opswise.net,2024-01-23 19:49:30
189,urbanyard23,urbanyard23@hackstack.io,2025-04-07 03:18:36
190,youngbeacon43,youngbeacon43@seeded.app,2025-09-30 10:56:52
191,calmanchor80,calmanchor80@relay.cloud,2025-06-20 02:20:49
192,emberbeacon45,emberbeacon45@example.com,2025-06-20 10:33:19
193,proudtrail79,proudtrail79@example.com,2024-01-23 02:35:50
194,dawnzenith13,dawnzenith13@relay.cloud,2025-11-20 03:03:18
195,urbanvalley80,urbanvalley80@example.com,2025-06-01 08:46:10
196,livelyengine21,livelyengine21@seeded.app,2024-03-21 15:24:46
197,opalpioneer05,opalpioneer05@acme.dev,2025-03-25 00:13:28
198,urbanisland60,urbanisland60@relay.cloud,2025-06-08 03:51:02
199,rapidbeacon80,rapidbeacon80@opswise.net,2024-03-14 13:35:03
200,emberanchor41,emberanchor41@opswise.net,2024-08-23 06:23:20
201,proudgarden35,proudgarden35@example.com,2024-02-05 02:53:18
202,cobaltbeacon40,cobaltbeacon40@relay.cloud,2024-02-19 17:56:54
203,vividgarden60,vividgarden60@seeded.app,2024-07-21 04:59:53
204,mellowbeacon17,mellowbeacon17@hackstack.io,2024-09-12 18:28:36
205,tidypioneer41,tidypioneer41@example.com,2024-05-25 22:42:00
206,harbormeadow48,harbormeadow48@acme.dev,2026-01-27 05:30:09
207,urbanmeadow39,urbanmeadow39@example.com,2024-09-25 18:25:33
208,forestharvest82,forestharvest82@relay.cloud,2024-02-10 12:28:57
209,silveranchor99,silveranchor99@acme.dev,2025-10-07 05:49:13
210,proudjourney57,proudjourney57@example.com,2024-01-14 15:03:06
211,quietzenith10,quietzenith10@seeded.app,2025-10-23 11:15:01
212,quietjourney05,quietjourney05@hackstack.io,2025-01-24 01:04:21
213,urbanisland33,urbanisland33@acme.dev,2025-07-25 11:11:13
214,harbortrail31,harbortrail31@hackstack.io,2025-12-27 08:51:27
215,calmlagoon66,calmlagoon66@hackstack.io,2024-01-06 07:21:40
216,vividkernel14,vividkernel14@acme.dev,2025-01-23 19:06:04
217,silverorbit93,silverorbit93@opswise.net,2026-01-07 07:46:32
218,brisknetwork65,brisknetwork65@opswise.net,2024-11-30 09:00:39
219,silverharvest41,silverharvest41@relay.cloud,2024-04-17 17:17:29
220,navymeadow62,navymeadow62@acme.dev,2025-08-30 12:37:15
221,emberdelta91,emberdelta91@opswise.net,2024-12-27 23:17:48
222,mellowyard96,mellowyard96@opswise.net,2025-10-01 06:10:27
223,keennetwork11,keennetwork11@seeded.app,2025-05-10 02:18:44
224,proudfield16,proudfield16@opswise.net,2024-11-03 19:51:24
225,jadefield46,jadefield46@example.com,2026-02-01 21:42:21
226,quietjourney39,quietjourney39@acme.dev,2024-06-17 14:39:07
227,keenanchor33,keenanchor33@opswise.net,2026-01-18 16:12:56
228,embergarden42,embergarden42@seeded.app,2025-01-30 03:04:00
229,proudisland67,proudisland67@opswise.net,2025-09-26 10:57:42
230,opaluplink45,opaluplink45@example.com,2024-04-26 02:57:15
231,silverwindow87,silverwindow87@example.com,2025-02-18 19:13:18
232,jadewindow74,jadewindow74@opswise.net,2025-12-12 17:33:04
233,ivoryharvest58,ivoryharvest58@hackstack.io,2024-08-28 06:56:21
234,clearzenith90,clearzenith90@opswise.net,2024-11-27 18:47:43
235,livelyriver09,livelyriver09@hackstack.io,2024-07-29 14:51:35
236,proudpioneer56,proudpioneer56@relay.cloud,2025-06-19 11:52:49
237,dawnnetwork94,dawnnetwork94@acme.dev,2025-01-10 21:07:59
238,silveryard32,silveryard32@seeded.app,2024-07-09 14:44:25
239,keenzenith45,keenzenith45@relay.cloud,2025-12-28 21:13:00
240,goldsignal94,goldsignal94@opswise.net,2024-12-21 11:18:19
241,navylagoon17,navylagoon17@hackstack.io,2024-11-12 07:39:22
242,livelyjourney10,livelyjourney10@relay.cloud,2024-09-02 01:22:16
243,quietwindow65,quietwindow65@seeded.app,2025-09-28 04:00:07
244,jadeyard81,jadeyard81@hackstack.io,2025-04-26 03:50:09
245,embergarden65,embergarden65@example.com,2024-05-25 22:24:02
246,quietmeadow20,quietmeadow20@example.com,2025-12-30 13:17:55
247,opalfield32,opalfield32@opswise.net,2025-09-27 16:48:42
248,harboranchor58,harboranchor58@acme.dev,2024-12-30 01:44:00
249,opalbeacon32,opalbeacon32@relay.cloud,2025-06-07 09:51:30
250,briskvalley23,briskvalley23@acme.dev,2026-01-19 22:08:25
251,youngjourney89,youngjourney89@acme.dev,2025-05-24 23:32:18
252,clearmeadow22,clearmeadow22@seeded.app,2024-07-27 02:01:54
253,quietsignal48,quietsignal48@relay.cloud,2024-10-29 14:56:21
254,briskquartz53,briskquartz53@opswise.net,2025-08-16 19:03:47
255,briskjourney24,briskjourney24@relay.cloud,2025-07-23 14:11:03
256,youngdelta64,youngdelta64@hackstack.io,2024-02-13 01:04:18
257,goldzenith18,goldzenith18@seeded.app,2024-09-24 22:56:10
258,amberjourney04,amberjourney04@example.com,2024-08-19 00:09:48
259,mellowbeacon96,mellowbeacon96@example.com,2026-01-19 23:38:16
260,silvergarden95,silvergarden95@seeded.app,2025-03-24 19:59:35
261,jadepioneer52,jadepioneer52@hackstack.io,2024-10-02 20:55:24
262,briskriver64,briskriver64@relay.cloud,2024-05-14 07:56:16
263,warmtrail86,warmtrail86@relay.cloud,2024-09-19 03:32:49
264,emberyard63,emberyard63@opswise.net,2025-07-14 14:03:42
265,tidykernel54,tidykernel54@example.com,2024-04-11 16:25:10
266,tidyisland31,tidyisland31@opswise.net,2024-08-26 03:20:56
267,urbanuplink03,urbanuplink03@opswise.net,2024-03-17 00:35:18
268,livelygarden76,livelygarden76@relay.cloud,2025-12-31 20:12:03
269,tidymeadow87,tidymeadow87@relay.cloud,2025-04-27 20:04:14
270,warmtrail50,warmtrail50@example.com,2025-04-02 06:23:11
271,clearsignal02,clearsignal02@opswise.net,2025-09-15 23:22:31
272,warmquartz15,warmquartz15@hackstack.io,2024-07-30 05:51:43
273,keendelta90,keendelta90@acme.dev,2025-05-10 04:44:46
274,emberorbit62,emberorbit62@hackstack.io,2025-11-25 14:11:42
275,quietpioneer11,quietpioneer11@seeded.app,2024-09-16 04:48:59
276,briskisland30,briskisland30@example.com,2024-08-17 03:16:33
277,clearjourney93,clearjourney93@seeded.app,2024-04-09 17:00:28
278,urbanengine25,urbanengine25@relay.cloud,2025-08-30 05:09:01
279,navyyard05,navyyard05@relay.cloud,2025-11-16 10:44:55
280,jadeorbit71,jadeorbit71@hackstack.io,2024-05-17 03:28:15
281,harborisland69,harborisland69@acme.dev,2024-02-17 12:18:43
282,cobaltriver54,cobaltriver54@acme.dev,2025-07-09 08:47:33
283,warmnetwork82,warmnetwork82@seeded.app,2024-05-12 16:14:25
284,emberwindow18,emberwindow18@hackstack.io,2024-07-24 06:15:27
285,calmsignal23,calmsignal23@opswise.net,2024-02-19 07:23:54
286,vividlagoon27,vividlagoon27@acme.dev,2025-07-26 05:34:36
287,cobaltjourney31,cobaltjourney31@opswise.net,2024-11-16 07:19:56
288,keenzenith01,keenzenith01@opswise.net,2024-09-08 14:59:11
289,quietyard53,quietyard53@relay.cloud,2025-10-27 13:50:55
290,opalorbit41,opalorbit41@relay.cloud,2025-10-20 11:52:42
291,calmlagoon38,calmlagoon38@opswise.net,2025-10-01 23:57:25
292,vividnetwork50,vividnetwork50@seeded.app,2024-12-23 07:33:40
293,vividfield30,vividfield30@acme.dev,2025-03-31 23:11:04
294,proudvalley25,proudvalley25@relay.cloud,2025-05-15 02:21:03
295,proudkernel40,proudkernel40@acme.dev,2025-07-04 18:17:31
296,briskbeacon56,briskbeacon56@acme.dev,2025-05-15 12:26:04
297,calmpioneer93,calmpioneer93@hackstack.io,2025-07-08 10:39:43
298,proudgarden13,proudgarden13@seeded.app,2024-03-07 09:22:36
299,cobaltcanyon24,cobaltcanyon24@seeded.app,2025-02-03 20:36:58
300,urbantrail01,urbantrail01@relay.cloud,2025-05-28 06:47:24
301,amberharvest12,amberharvest12@opswise.net,2026-01-24 17:49:02
302,cleargarden61,cleargarden61@example.com,2024-02-15 11:33:00
303,forestmeadow36,forestmeadow36@seeded.app,2024-06-29 10:16:32
304,cobaltyard32,cobaltyard32@acme.dev,2025-05-04 02:40:40
305,silvercanyon82,silvercanyon82@hackstack.io,2024-04-23 02:07:57
306,briskzenith37,briskzenith37@relay.cloud,2025-10-08 11:59:28
307,briskjourney34,briskjourney34@hackstack.io,2024-08-07 08:01:42
308,warmlagoon52,warmlagoon52@acme.dev,2025-10-11 09:54:16
309,opalcanyon09,opalcanyon09@relay.cloud,2024-09-24 13:57:04
310,warmisland03,warmisland03@hackstack.io,2025-11-15 05:23:38
311,warmkernel40,warmkernel40@hackstack.io,2025-02-01 09:11:03
312,livelyuplink09,livelyuplink09@relay.cloud,2024-10-27 09:32:54
313,urbanquartz54,urbanquartz54@acme.dev,2024-02-14 11:40:35
314,harborcanyon20,harborcanyon20@opswise.net,2024-02-22 10:04:11
315,youngnetwork81,youngnetwork81@example.com,2024-07-21 04:15:33
316,rapidjourney63,rapidjourney63@example.com,2024-05-07 16:10:35
317,emberwindow96,emberwindow96@example.com,2024-02-10 22:23:42
318,tidyjourney98,tidyjourney98@relay.cloud,2024-12-02 08:43:41
319,warmsignal65,warmsignal65@example.com,2024-01-24 11:11:01
320,opalharvest78,opalharvest78@seeded.app,2024-04-05 15:31:37
321,goldzenith68,goldzenith68@opswise.net,2024-03-08 01:02:43
322,calmorbit84,calmorbit84@hackstack.io,2024-02-13 00:24:11
323,emberwindow91,emberwindow91@acme.dev,2024-01-19 15:54:25
324,opalharvest10,opalharvest10@seeded.app,2026-01-15 00:11:37
325,ivorydelta28,ivorydelta28@seeded.app,2024-12-28 08:07:03
326,dawnquartz96,dawnquartz96@example.com,2024-07-24 04:47:37
327,rapidquartz76,rapidquartz76@seeded.app,2024-12-11 09:27:24
328,melloworbit86,melloworbit86@opswise.net,2025-08-24 20:14:48
329,calmriver87,calmriver87@acme.dev,2026-01-10 10:12:21
330,ivorydelta28,ivorydelta28@hackstack.io,2025-06-19 00:35:17
331,urbanisland75,urbanisland75@seeded.app,2024-05-10 22:00:39
332,ivoryriver22,ivoryriver22@opswise.net,2024-10-24 12:13:07
333,amberpioneer77,amberpioneer77@hackstack.io,2026-01-22 10:13:05
334,goldbeacon58,goldbeacon58@opswise.net,2025-04-25 11:56:13
335,tidyriver24,tidyriver24@hackstack.io,2025-03-22 09:24:42
336,jadeorbit71,jadeorbit71@seeded.app,2024-05-06 11:51:55
337,navyanchor97,navyanchor97@opswise.net,2025-05-17 00:20:40
338,opalorbit42,opalorbit42@opswise.net,2024-04-12 21:14:48
339,keenorbit83,keenorbit83@relay.cloud,2026-01-13 05:12:42
340,livelyfield80,livelyfield80@acme.dev,2025-01-22 09:18:56
341,warmnetwork48,warmnetwork48@seeded.app,2024-04-29 18:46:28
342,urbanengine10,urbanengine10@example.com,2025-01-26 21:02:27
343,urbanmeadow46,urbanmeadow46@acme.dev,2024-12-26 15:35:30
344,urbanzenith55,urbanzenith55@hackstack.io,2025-08-12 15:13:18
345,tidyengine05,tidyengine05@hackstack.io,2025-05-20 08:49:32
346,cobaltisland34,cobaltisland34@relay.cloud,2025-06-28 12:09:07
347,navykernel83,navykernel83@opswise.net,2026-01-06 03:05:36
348,dawnharvest39,dawnharvest39@acme.dev,2024-02-03 19:22:05
349,forestvalley96,forestvalley96@acme.dev,2024-11-13 23:16:12
350,livelytrail32,livelytrail32@example.com,2024-10-03 02:07:57
351,forestfield35,forestfield35@opswise.net,2024-08-17 13:25:33
352,cobaltisland38,cobaltisland38@hackstack.io,2024-07-14 04:56:48
353,opalsignal47,opalsignal47@opswise.net,2024-03-14 21:38:35
354,jadegarden75,jadegarden75@seeded.app,2024-12-27 17:44:47
355,navywindow60,navywindow60@seeded.app,2024-06-06 00:28:55
356,brisklagoon72,brisklagoon72@relay.cloud,2024-07-21 22:22:50
357,harborfield65,harborfield65@hackstack.io,2025-12-04 05:50:29
358,warmdelta77,warmdelta77@acme.dev,2024-07-10 09:45:59
359,cobaltbeacon45,cobaltbeacon45@example.com,2024-09-13 08:44:50
360,mellowsignal74,mellowsignal74@hackstack.io,2025-03-19 19:57:07
361,livelyisland94,livelyisland94@example.com,2025-11-27 07:34:47
362,keenengine46,keenengine46@hackstack.io,2025-12-26 15:58:04
363,embercanyon70,embercanyon70@example.com,2024-09-18 08:25:23
364,emberlagoon01,emberlagoon01@example.com,2024-10-04 00:00:07
365,calmgarden56,calmgarden56@example.com,2025-08-28 10:51:58
366,cobaltengine01,cobaltengine01@relay.cloud,2025-02-04 09:49:10
367,youngpioneer51,youngpioneer51@acme.dev,2025-05-18 23:28:12
368,opalzenith31,opalzenith31@opswise.net,2024-06-03 05:16:04
369,cobaltdelta41,cobaltdelta41@opswise.net,2025-04-18 08:26:49
370,warmorbit70,warmorbit70@hackstack.io,2024-07-24 21:45:24
371,mellowlagoon27,mellowlagoon27@acme.dev,2025-01-24 05:44:33
372,goldjourney10,goldjourney10@example.com,2025-10-28 16:42:02
373,jadeengine00,jadeengine00@hackstack.io,2025-01-10 10:21:02
374,livelyuplink42,livelyuplink42@opswise.net,2024-02-16 11:54:28
375,clearwindow71,clearwindow71@relay.cloud,2024-09-20 04:37:20
376,silverisland96,silverisland96@acme.dev,2025-01-06 19:26:23
377,ivoryzenith79,ivoryzenith79@acme.dev,2024-04-02 05:52:43
378,silvercanyon20,silvercanyon20@example.com,2025-01-30 15:25:17
379,quietsignal82,quietsignal82@opswise.net,2025-01-10 23:26:45
380,keenisland30,keenisland30@example.com,2024-03-07 14:05:27
381,mellowdelta33,mellowdelta33@example.com,2024-09-03 17:17:49
382,tidyengine70,tidyengine70@acme.dev,2025-01-26 03:21:30
383,amberanchor11,amberanchor11@relay.cloud,2025-03-25 04:59:32
384,calmkernel85,calmkernel85@hackstack.io,2025-02-24 01:20:32
385,vividkernel56,vividkernel56@relay.cloud,2025-09-02 20:38:59
386,cobaltanchor41,cobaltanchor41@example.com,2024-09-28 02:34:08
387,emberpioneer79,emberpioneer79@seeded.app,2024-06-21 14:13:15
388,tidydelta92,tidydelta92@relay.cloud,2025-01-20 14:33:16
389,opalkernel09,opalkernel09@example.com,2025-09-07 05:44:05
390,quietanchor32,quietanchor32@relay.cloud,2024-09-08 09:58:40
391,livelyvalley40,livelyvalley40@example.com,2025-06-21 10:47:14
392,tidysignal20,tidysignal20@opswise.net,2025-05-24 21:49:33
393,opaljourney26,opaljourney26@seeded.app,2025-06-27 22:18:06
394,keengarden76,keengarden76@example.com,2024-05-10 16:01:55
395,mellowharvest75,mellowharvest75@hackstack.io,2025-07-16 02:35:11
396,silverdelta23,silverdelta23@relay.cloud,2026-01-25 03:49:05
397,silverfield41,silverfield41@seeded.app,2024-06-04 18:12:08
398,keenquartz29,keenquartz29@acme.dev,2025-02-06 22:24:08
399,mellowriver91,mellowriver91@relay.cloud,2025-02-06 14:10:20
400,silverharvest69,silverharvest69@example.com,2024-07-24 14:04:27
